{
    "$schema": "https://schema.management.azure.com/schemas/0.1.2-preview/CreateUIDefinition.MultiVm.json#",
    "handler": "Microsoft.Compute.MultiVm",
    "version": "0.1.2-preview",
    "parameters": {
        "basics": [
	        {
                "name": "dnsNameForPublicIP",
                "type": "Microsoft.Common.TextBox",
                "label": "DNS name",
                "toolTip": "The name of the DNS prefix for unique string",
                "defaultValue": "cgappv1",
                "constraints": {
                    "required": true,
                    "regex": "^[a-z0-9A-Z-]{3,79}$",
                    "validationMessage": "The DNS Name must be between 3 and 79 characters long and contain letters, numbers and hyphens only."
                }
            },
            {
                "name": "adminUsername",
                "type": "Microsoft.Compute.UserNameTextBox",
                "label": "Username",
                "toolTip": "Admin username for the machine",
                "osPlatform": "Linux",
                "constraints": {
                    "required": true
                }
            },
            {
                "name": "SSHCredentials",
                "type": "Microsoft.Compute.CredentialsCombo",
                "label": {
                    "authenticationType": "Authentication type",
                    "password": "Password",
                    "confirmPassword": "Confirm password",
                    "sshPublicKey": "SSH public key"
                },
                "toolTip": {
                    "authenticationType": "Authentication Type for the Virtual Machine",
                    "password": "Password for the Virtual Machine",
                    "sshPublicKey": "SSH Public Key for the Virtual Machine"
                },
                "constraints": {
                    "required": true
                },
                "options": {
                    "hideConfirmation": false
                },
                "osPlatform": "Linux"
            }
        ],
        "steps": [
            {
                "name": "VirtualMachineConfig",
                "label": "Virtual Machine Settings",
                "subLabel": {
                    "preValidation": "Configure the virtual machine's resources and settings",
                    "postValidation": "Done"
                },
                "bladeTitle": "Virtual Machine Settings",
                "elements": [
                    {
                        "name": "vmSize",
                        "type": "Microsoft.Compute.SizeSelector",
                        "label": "Virtual machine size",
                        "toolTip": "The size of virtual machine to provision.",
                        "recommendedSizes": [
                            "Standard_D2_v2",
                            "Standard_A2_v2"
                        ],
                        "osPlatform": "Linux",
                        "count": "1"
                    }
                ]
            }
        ],
        "outputs": {
            "location": "[location()]",
	        "dnsNameForPublicIP": "[basics('dnsNameForPublicIP')]",
            "adminUsername": "[basics('adminUsername')]",
            "authenticationType": "[basics('SSHCredentials').authenticationType]",
            "adminPasswordOrKey": "[coalesce(basics('SSHCredentials').password, basics('SSHCredentials').sshPublicKey)]",
            "vmSize": "[steps('VirtualMachineConfig').vmSize]"
        }
    }
}
