{
    "$schema": "https://schema.management.azure.com/schemas/0.1.2-preview/CreateUIDefinition.MultiVm.json#",
    "handler": "Microsoft.Compute.MultiVm",
    "version": "0.1.2-preview",
    "parameters": {
        "basics": [
            {
                "name": "appName",
                "type": "Microsoft.Common.TextBox",
                "label": "Application Resource name",
                "toolTip": "The name of the App",
                "defaultValue": "cgapp",
                "constraints": {
                    "required": true,
                    "regex": "^[a-z0-9A-Z-]{3,79}$",
                    "validationMessage": "The App Name must be between 3 and 79 characters long and contain letters, numbers and hyphens only."
                }
            },
	        {
                "name": "dnsName",
                "type": "Microsoft.Common.TextBox",
                "label": "Application Resource name",
                "toolTip": "The name of the DNS",
                "defaultValue": "cgappv1",
                "constraints": {
                    "required": true,
                    "regex": "^[a-z0-9A-Z-]{3,79}$",
                    "validationMessage": "The App Name must be between 3 and 79 characters long and contain letters, numbers and hyphens only."
                }
            },
            {
                "name": "adminUsername",
                "type": "Microsoft.Compute.UserNameTextBox",
                "label": "Username",
                "toolTip": "Admin username for the machine",
                "osPlatform": "Linux",
                "constraints": {
                    "required": true
                }
            },
            {
                "name": "SSHCredentials",
                "type": "Microsoft.Compute.CredentialsCombo",
                "label": {
                    "authenticationType": "Authentication type",
                    "password": "Password",
                    "confirmPassword": "Confirm password",
                    "sshPublicKey": "SSH public key"
                },
                "toolTip": {
                    "authenticationType": "Authentication Type for the Virtual Machine",
                    "password": "Password for the Virtual Machine",
                    "sshPublicKey": "SSH Public Key for the Virtual Machine"
                },
                "constraints": {
                    "required": true
                },
                "options": {
                    "hideConfirmation": false
                },
                "osPlatform": "Linux"
            }
        ],
        "outputs": {
            "location": "[location()]",
            "applicationResourceName": "[basics('appName')]",
	        "dnsNameForPublicIP": "[basics('dnsName')]",
            "adminUsername": "[basics('adminUsername')]",
            "authenticationType": "[basics('SSHCredentials').authenticationType]",
            "adminPasswordOrKey": "[coalesce(basics('SSHCredentials').password, basics('SSHCredentials').sshPublicKey)]"
        }
    }
}
