{
    "$schema": "https://schema.management.azure.com/schemas/0.1.2-preview/CreateUIDefinition.MultiVm.json#",
    "handler": "Microsoft.Compute.MultiVm",
    "version": "0.1.2-preview",
    "parameters": {
        "basics": [
            {}
        ],
        "steps": [
            {
                "name": "vmCredentials",
                "label": "Azure Managed Application",
                "bladeTitle": "Application credentials",
                "subLabel": {
                    "preValidation": "Provide VM credentials",
                    "postValidation": "Great - let's move on!"
                },
                "elements": [
                    {
                        "name": "adminUsername",
                        "type": "Microsoft.Compute.UserNameTextBox",
                        "label": "Admin username",
                        "osPlatform": "Windows",
                        "constraints": {
                            "required": true
                        },
                        "toolTip": "Provide admin username for the virtual machine"
                    },
                    {
                        "name": "SSHCredentials",
                        "type": "Microsoft.Compute.CredentialsCombo",
                        "label": {
                            "authenticationType": "Authentication type",
                            "password": "Password",
                            "confirmPassword": "Confirm password",
                            "sshPublicKey": "SSH public key"
                        },
                        "toolTip": {
                            "authenticationType": "Authentication Type for the Virtual Machine",
                            "password": "Password for the Virtual Machine",
                            "sshPublicKey": "SSH Public Key for the Virtual Machine"
                        },
                        "constraints": {
                            "required": true
                        },
                        "options": {
                            "hideConfirmation": false
                        },
                        "osPlatform": "Linux"
                    }
                ]
            },
            {
                "name": "appSettings",
                "label": "Application settings",
                "subLabel": {
                    "preValidation": "Configure the managed application",
                    "postValidation": "Done!"
                },
                "bladeTitle": "Settings",
                "elements": [
                    {
                        "name": "vmSize",
                        "type": "Microsoft.Compute.SizeSelector",
                        "label": "Virtual machine size",
                        "toolTip": "The size of virtual machine to provision.",
                        "recommendedSizes": [
                            "Standard_D2_v2",
                            "Standard_A2_v2"
                        ],
                        "osPlatform": "Linux",
                        "count": "1"
                    },
                    {
                        "name": "storageAccount",
                        "type": "Microsoft.Storage.StorageAccountSelector",
                        "label": "Diagnostic storage account",
                        "toolTip": "Storage Account for the Virtual Machine's diagnostics",
                        "defaultValue": {
                            "type": "Standard_LRS",
                            "name": "[concat(replace(basics('vmName'), '-', ''), take(replace(guid(), '-', ''), 10))]"
                        },
                        "constraints": {
                            "allowedTypes": [
                                "Standard_LRS",
                                "Standard_GRS"
                            ]
                        }
                    },
                    {
                        "name": "publicIpAddress",
                        "type": "Microsoft.Network.PublicIpAddressCombo",
                        "label": {
                            "publicIpAddress": "Public IP Address for the VM",
                            "domainNameLabel": "DNS Prefix for the public IP Address"
                        },
                        "toolTip": {
                            "publicIpAddress": "Public IP Address for the VM",
                            "domainNameLabel": "DNS Prefix for the public IP Address, must be globally unique"
                        },
                        "defaultValue": {
                            "publicIpAddressName": "[concat(basics('vmName'), '-ip')]",
                            "domainNameLabel": "[concat(basics('vmName'), '-', take(replace(guid(), '-', ''), 10))]"
                        },
                        "options": {
                            "hideExisting": false,
                            "hideNone": false
                        },
                        "constraints": {
                            "required": {
                                "domainNameLabel": true
                            }
                        }
                    },
                    {
                        "name": "virtualNetwork",
                        "type": "Microsoft.Network.VirtualNetworkCombo",
                        "label": {
                            "virtualNetwork": "Virtual network",
                            "subnets": "Subnets"
                        },
                        "toolTip": {
                            "virtualNetwork": "Name of the virtual network",
                            "subnets": "Subnets for the virtual network"
                        },
                        "defaultValue": {
                            "name": "VirtualNetwork",
                            "addressPrefixSize": "/16"
                        },
                        "constraints": {
                            "minAddressPrefixSize": "/16"
                        },
                        "subnets": {
                            "subnet1": {
                                "label": "Subnet",
                                "defaultValue": {
                                    "name": "Subnet-1",
                                    "addressPrefixSize": "/24"
                                },
                                "constraints": {
                                    "minAddressPrefixSize": "/24",
                                    "minAddressCount": 12,
                                    "requireContiguousAddresses": false
                                }
                            }
                        }
                    }
                ]
            }
        ],
        "outputs": {

            "location": "[location()]",
            "adminUsername": "[steps('adminUsername')]",
            "authenticationType": "[steps('SSHCredentials').authenticationType]",
            "adminPasswordOrKey": "[coalesce(steps('SSHCredentials').password, steps('SSHCredentials').sshPublicKey)]",

            "vmSize": "[steps('VirtualMachineConfig').vmSize]",
            "storageNewOrExisting": "[steps('VirtualMachineConfig').storageAccount.newOrExisting]",
            "storageAccountName": "[steps('VirtualMachineConfig').storageAccount.name]",
            "storageAccountType": "[steps('VirtualMachineConfig').storageAccount.type]",
            "storageAccountResourceGroupName": "[steps('VirtualMachineConfig').storageAccount.resourceGroup]",

            "virtualNetworkNewOrExisting": "[steps('VirtualMachineConfig').virtualNetwork.newOrExisting]",
            "virtualNetworkName": "[steps('VirtualMachineConfig').virtualNetwork.name]",
            "addressPrefix": "[steps('VirtualMachineConfig').virtualNetwork.addressPrefix]",
            "subnetPrefix": "[steps('VirtualMachineConfig').virtualNetwork.subnets.subnet1.addressPrefix]",
            "virtualNetworkResourceGroupName": "[steps('VirtualMachineConfig').virtualNetwork.resourceGroup]",

            "publicIpNewOrExisting": "[steps('VirtualMachineConfig').publicIpAddress.newOrExistingOrNone]",
            "publicIpName": "[steps('VirtualMachineConfig').publicIpAddress.name]",
            "dnsNameForPublicIP": "[steps('VirtualMachineConfig').publicIpAddress.domainNameLabel]",
            "publicIpResourceGroupName": "[steps('VirtualMachineConfig').publicIpAddress.resourceGroup]",
            "publicIPAllocationMethod": "[steps('VirtualMachineConfig').publicIpAddress.publicIPAllocationMethod]",
            "publicIpSku": "[steps('VirtualMachineConfig').publicIpAddress.sku]"

        }
    }
}