{
  "$schema": "https://schema.management.azure.com/schemas/2015-01-01/deploymentTemplate.json#",
  "contentVersion": "1.0.0.0",
  "parameters": {
    "adminUsername": {
      "type": "string",
      "minLength": 1,
      "metadata": {
        "description": "User name for the Web Server VM."
      }
    },
    "authenticationType": {
      "type": "string",
      "defaultValue": "password",
      "allowedValues": [
        "password",
        "sshPublicKey"
      ],
      "metadata": {
        "description": "Type of authentication to use on the Virtual Machine."
      }
    },
    "adminPasswordOrKey": {
      "type": "securestring",
      "metadata": {
        "description": "Password or ssh key for the Virtual Machine."
      }
    },
    "dnsNameForPublicIP": {
      "type": "string",
      "minLength": 1,
      "metadata": {
        "description": "Globally unique DNS Name for the Public IP used to access the Web Server VM."
      }
    },
    "vmSize": {
      "type": "string",
      "defaultValue": "Standard_A2_v2",
      "metadata": {
        "description": "Size for the Virtual Machine."
      }
    },
    "_artifactsLocation": {
      "type": "string",
      "metadata": {
        "description": "Base URI where artifacts required by this template are located"
      },
       "defaultValue": "https://raw.githubusercontent.com/CognosysTech/SACTemplates/tree/master/managedapp/cogdam/"
    },
    "_artifactsLocationSasToken": {
      "type": "securestring",
      "metadata": {
        "description": "The sasToken required to access _artifactsLocation."
      },
      "defaultValue": ""
    },
    "location": {
      "type": "string",
      "defaultValue": "[resourceGroup().location]",
      "metadata": {
        "description": "Location for all resources."
      }
    }
  },
  "variables": {
    "imagePublisher": "Canonical",
    "imageOffer": "UbuntuServer",
    "OSDiskName": "[concat('webosdisk-', parameters('dnsNameForPublicIP'))]",
    "dbOSDiskName": "[concat('dbosdisk-', parameters('dnsNameForPublicIP'))]",
    "nicName": "[concat('webnic-', parameters('dnsNameForPublicIP'), '-', uniqueString(resourceGroup().id))]",
    "dbnicName": "[concat('dbnic-', parameters('dnsNameForPublicIP'), '-', uniqueString(resourceGroup().id))]",
    "domainNameLabel": "[concat(parameters('dnsNameForPublicIP'), '-', uniqueString(resourceGroup().id))]",
    "addressPrefix": "10.0.0.0/16",
    "subnetName": "Subnet",
    "subnetPrefix": "10.0.0.0/24",
    "webprivateIPAddress": "10.0.0.5",
    "dbprivateIPAddress": "10.0.0.6",
    "vhdStorageType": "Standard_LRS",
    "publicIPAddressType": "Dynamic",
    "vhdStorageContainerName": "vhds",
    "vmName": "[concat('webvm-', parameters('dnsNameForPublicIP'), '-', uniqueString(resourceGroup().id))]",
    "dbvmName": "[concat('dbvm-', parameters('dnsNameForPublicIP'), 'db-', uniqueString(resourceGroup().id))]",
    "virtualNetworkName": "[concat('cgappvnet-', uniqueString(resourceGroup().id, parameters('dnsNameForPublicIP')))]",
    "subnetRef": "[resourceId('Microsoft.Network/virtualNetworks/subnets', variables('virtualNetworkName'),  variables('subnetName'))]",
    "vhdStorageName": "[concat('cgappvhd', uniqueString(resourceGroup().id, parameters('dnsNameForPublicIP')))]",
    "singleQuote": "'",
    "frontEndNSGName": "[concat('webnsg-', uniqueString(resourceGroup().id, parameters('dnsNameForPublicIP')))]",
    "dbfrontEndNSGName": "[concat('dbnsg-', uniqueString(resourceGroup().id, parameters('dnsNameForPublicIP')))]",
    "scriptFolder": "scripts",
    "serverPrepareScriptFileName": "prepwebserver.sh",
    "dbserverPrepareScriptFileName": "prepdbserver.sh",
    "testPage": "index.html",
    "installPHP": "true",
    "testPageTitle": "Welcome",
    "testPageBody": "<p>This is a test page.</p>",
    "testPageMarkup": "[concat('<html><head><title> Welcome </title></head><body> Welcome </body></html>')]",
    "ubuntuOSVersion": "16.04.0-LTS",
    "linuxConfiguration": {
      "disablePasswordAuthentication": true,
      "ssh": {
        "publicKeys": [
          {
            "path": "[concat('/home/', parameters('adminUsername'), '/.ssh/authorized_keys')]",
            "keyData": "[parameters('adminPasswordOrKey')]"
          }
        ]
      }
    }
  },
  "outputs": {
    "fqdn": {
      "type": "string",
      "value": "[reference(parameters('dnsNameForPublicIP')).dnsSettings.fqdn]"
    },
    "pageContent": {
      "type": "string",
      "value": "[variables('testPageMarkup')]"
    }
  },
  "resources": [
    {
      "apiVersion": "2018-02-01",
      "name": "pid-fe7abd07-a387-4638-a23f-5eefc24419a6",
      "type": "Microsoft.Resources/deployments",
      "properties":{
         "mode": "Incremental",
         "template":
                   {
              "$schema": "https://schema.management.azure.com/schemas/2015-01-01/deploymentTemplate.json#",
              "contentVersion": "1.0.0.0",
              "resources":[]
             }
           }
     },
    {
      "type": "Microsoft.Storage/storageAccounts",
      "name": "[variables('vhdStorageName')]",
      "apiVersion": "2015-06-15",
      "location": "[parameters('location')]",
      "tags": {
        "displayName": "StorageAccount"
      },
      "properties": {
        "accountType": "[variables('vhdStorageType')]"
      }
    },
    {
      "apiVersion": "2015-06-15",
      "type": "Microsoft.Network/publicIPAddresses",
      "name": "[parameters('dnsNameForPublicIP')]",
      "location": "[parameters('location')]",
      "tags": {
        "displayName": "PublicIPAddress"
      },
      "properties": {
        "publicIPAllocationMethod": "[variables('publicIPAddressType')]",
        "dnsSettings": {
          "domainNameLabel": "[variables('domainNameLabel')]"
        }
      }
    },
    {
      "apiVersion": "2015-06-15",
      "type": "Microsoft.Network/virtualNetworks",
      "name": "[variables('virtualNetworkName')]",
      "location": "[parameters('location')]",
      "tags": {
        "displayName": "VirtualNetwork"
      },
      "properties": {
        "addressSpace": {
          "addressPrefixes": [
            "[variables('addressPrefix')]"
          ]
        },
        "subnets": [
          {
            "name": "[variables('subnetName')]",
            "properties": {
              "addressPrefix": "[variables('subnetPrefix')]"
            }
          }
        ]
      }
    },
    {
      "apiVersion": "2015-06-15",
      "type": "Microsoft.Network/networkSecurityGroups",
      "name": "[variables('frontEndNSGName')]",
      "location": "[parameters('location')]",
      "tags": {
        "displayName": "NSG - Web Server"
      },
      "properties": {
        "securityRules": [
          {
            "name": "ssh-rule",
            "properties": {
              "description": "Allow SSH",
              "protocol": "Tcp",
              "sourcePortRange": "*",
              "destinationPortRange": "22",
              "sourceAddressPrefix": "Internet",
              "destinationAddressPrefix": "*",
              "access": "Allow",
              "priority": 100,
              "direction": "Inbound"
            }
          },
          {
            "name": "web-rule",
            "properties": {
              "description": "Allow Web",
              "protocol": "Tcp",
              "sourcePortRange": "*",
              "destinationPortRange": "80",
              "sourceAddressPrefix": "Internet",
              "destinationAddressPrefix": "*",
              "access": "Allow",
              "priority": 101,
              "direction": "Inbound"
            }
          }
        ]
      }
    },
    {
      "apiVersion": "2015-06-15",
      "type": "Microsoft.Network/networkSecurityGroups",
      "name": "[variables('dbfrontEndNSGName')]",
      "location": "[parameters('location')]",
      "tags": {
        "displayName": "NSG - DB Server"
      },
      "properties": {
        "securityRules": [
          {
            "name": "ssh-rule",
            "properties": {
              "description": "Allow SSH",
              "protocol": "Tcp",
              "sourcePortRange": "*",
              "destinationPortRange": "22",
              "sourceAddressPrefix": "Internet",
              "destinationAddressPrefix": "*",
              "access": "Allow",
              "priority": 100,
              "direction": "Inbound"
            }
          }
        ]
      }
    },
    {
      "apiVersion": "2015-06-15",
      "type": "Microsoft.Network/networkInterfaces",
      "name": "[variables('nicName')]",
      "location": "[parameters('location')]",
      "tags": {
        "displayName": "NetworkInterface"
      },
      "dependsOn": [
        "[concat('Microsoft.Network/publicIPAddresses/', parameters('dnsNameForPublicIP'))]",
        "[concat('Microsoft.Network/virtualNetworks/', variables('virtualNetworkName'))]",
        "[concat('Microsoft.Network/networkSecurityGroups/', variables('frontEndNSGName'))]"
      ],
      "properties": {
        "ipConfigurations": [
          {
            "name": "ipconfig1",
            "properties": {
              "privateIPAllocationMethod": "Static",
	       "privateIPAddress": "[variables('webprivateIPAddress')]",
              "publicIPAddress": {
                "id": "[resourceId('Microsoft.Network/publicIPAddresses', parameters('dnsNameForPublicIP'))]"
              },
              "subnet": {
                "id": "[variables('subnetRef')]"
              }
            }
          }
        ],
        "networkSecurityGroup": {
          "id": "[resourceId('Microsoft.Network/networkSecurityGroups', variables('frontEndNSGName'))]"
        }
      }
    },
    {
      "apiVersion": "2015-06-15",
      "type": "Microsoft.Network/networkInterfaces",
      "name": "[variables('dbnicName')]",
      "location": "[parameters('location')]",
      "tags": {
        "displayName": "NetworkInterface"
      },
      "dependsOn": [
        "[concat('Microsoft.Network/publicIPAddresses/', parameters('dnsNameForPublicIP'))]",
        "[concat('Microsoft.Network/virtualNetworks/', variables('virtualNetworkName'))]",
        "[concat('Microsoft.Network/networkSecurityGroups/', variables('dbfrontEndNSGName'))]"
      ],
      "properties": {
        "ipConfigurations": [
          {
            "name": "ipconfig1",
            "properties": {
              "privateIPAllocationMethod": "Static",
	       "privateIPAddress": "[variables('dbprivateIPAddress')]",
              "subnet": {
                "id": "[variables('subnetRef')]"
              }
            }
          }
        ],
        "networkSecurityGroup": {
          "id": "[resourceId('Microsoft.Network/networkSecurityGroups', variables('dbfrontEndNSGName'))]"
        }
      }
     },
    {
      "apiVersion": "2017-03-30",
      "type": "Microsoft.Compute/virtualMachines",
      "name": "[variables('vmName')]",
      "location": "[parameters('location')]",
      "tags": {
        "displayName": "VirtualMachine"
      },
      "dependsOn": [
        "[concat('Microsoft.Storage/storageAccounts/', variables('vhdStorageName'))]",
        "[concat('Microsoft.Network/networkInterfaces/', variables('nicName'))]"
      ],
      "properties": {
        "hardwareProfile": {
          "vmSize": "[parameters('vmSize')]"
        },
        "osProfile": {
          "computerName": "[variables('vmName')]",
          "adminUsername": "[parameters('adminUsername')]",
          "adminPassword": "[parameters('adminPasswordOrKey')]",
          "linuxConfiguration": "[if(equals(parameters('authenticationType'), 'password'), json('null'), variables('linuxConfiguration'))]"
        },
        "storageProfile": {
          "imageReference": {
            "publisher": "[variables('imagePublisher')]",
            "offer": "[variables('imageOffer')]",
            "sku": "[variables('ubuntuOSVersion')]",
            "version": "latest"
          },
          "osDisk": {
            "name": "[concat(variables('vmName'),'_OSDisk')]",
            "caching": "ReadWrite",
            "createOption": "FromImage"
          }
        },
        "networkProfile": {
          "networkInterfaces": [
            {
              "id": "[resourceId('Microsoft.Network/networkInterfaces', variables('nicName'))]"
            }
          ]
        }
      },
      "resources": [
        {
          "name": "PrepareServer",
          "type": "extensions",
          "location": "[parameters('location')]",
          "apiVersion": "2015-06-15",
          "dependsOn": [
            "[concat('Microsoft.Compute/virtualMachines/', variables('vmName'))]"
          ],
          "tags": {
            "displayName": "PrepareServer"
          },
          "properties": {
            "publisher": "Microsoft.Azure.Extensions",
            "type": "CustomScript",
            "typeHandlerVersion": "2.0",
            "autoUpgradeMinorVersion": true,
            "settings": {
              "fileUris": [
	        "[concat(parameters('_artifactsLocation'), '/', variables('scriptFolder'), '/', variables('serverPrepareScriptFileName'), parameters('_artifactsLocationSasToken'))]"
              ],
              "commandToExecute": "[concat('sh prepwebserver.sh', ' ', string(variables('installPHP')), ' ', variables('singleQuote'), variables('testPageMarkup'), variables('singleQuote'), ' ', variables('testPage'), ' ', variables('singleQuote'), variables('ubuntuOSVersion'), variables('singleQuote'))]"
            }
          }
        }
      ]
    },
    {
      "apiVersion": "2017-03-30",
      "type": "Microsoft.Compute/virtualMachines",
      "name": "[variables('dbvmName')]",
      "location": "[parameters('location')]",
      "tags": {
        "displayName": "VirtualMachine"
      },
      "dependsOn": [
        "[concat('Microsoft.Storage/storageAccounts/', variables('vhdStorageName'))]",
        "[concat('Microsoft.Network/networkInterfaces/', variables('dbnicName'))]"
      ],
      "properties": {
        "hardwareProfile": {
          "vmSize": "[parameters('vmSize')]"
        },
        "osProfile": {
          "computerName": "[variables('dbvmName')]",
          "adminUsername": "[parameters('adminUsername')]",
          "adminPassword": "[parameters('adminPassword')]"
        },
        "storageProfile": {
          "imageReference": {
            "publisher": "[variables('imagePublisher')]",
            "offer": "[variables('imageOffer')]",
            "sku": "[variables('ubuntuOSVersion')]",
            "version": "latest"
          },
          "osDisk": {
            "name": "[concat(variables('dbvmName'),'_OSDisk')]",
            "caching": "ReadWrite",
            "createOption": "FromImage"
          }
        },
        "networkProfile": {
          "networkInterfaces": [
            {
              "id": "[resourceId('Microsoft.Network/networkInterfaces', variables('dbnicName'))]"
            }
          ]
        }
      },
      "resources": [
        {
          "name": "PrepareServer",
          "type": "extensions",
          "location": "[parameters('location')]",
          "apiVersion": "2015-06-15",
          "dependsOn": [
            "[concat('Microsoft.Compute/virtualMachines/', variables('dbvmName'))]"
          ],
          "tags": {
            "displayName": "PrepareServer"
          },
          "properties": {
            "publisher": "Microsoft.Azure.Extensions",
            "type": "CustomScript",
            "typeHandlerVersion": "2.0",
            "autoUpgradeMinorVersion": true,
            "settings": {
              "fileUris": [
                "[concat(parameters('_artifactsLocation'), '/', variables('scriptFolder'), '/', variables('dbserverPrepareScriptFileName'), parameters('_artifactsLocationSasToken'))]"
              ],
              "commandToExecute": "[concat('sh prepdbserver.sh', ' ', string(variables('installPHP')), ' ', variables('singleQuote'), variables('testPageMarkup'), variables('singleQuote'), ' ', variables('testPage'), ' ', variables('singleQuote'), variables('ubuntuOSVersion'), variables('singleQuote'))]"
            }
          }
        }
      ]
    }
  ]
}